<?xml version='1.0' encoding='UTF-8' ?>
<timeLogEntries>
  <time id="1" path="/Non Project/PSP for Engineers/Program 1/Planning" start="@1377736875000" delta="25" />
  <time id="2" path="/Non Project/PSP for Engineers/Program 1/Design" start="@1377824415673" delta="14" />
  <time id="3" path="/Non Project/PSP for Engineers/Program 1/Code" start="@1377825344000" delta="74" interrupt="5" />
  <time id="5" path="/Non Project/PSP for Engineers/Program 1/Compile" start="@1377830427000" delta="24" interrupt="11" />
  <time id="6" path="/Non Project/PSP for Engineers/Program 1/Test" start="@1377832828000" delta="8" />
  <time id="7" path="/Non Project/PSP for Engineers/Program 1/Postmortem" start="@1377992256000" delta="44" interrupt="20" />
  <time id="8" path="/Non Project/PSP for Engineers/Program 1/Postmortem" start="@1378956741667" delta="3" />
  <time id="9" path="/Non Project/PSP for Engineers/Program 2/Planning" start="@1380757742175" delta="17" />
  <time id="10" path="/Non Project/PSP for Engineers/Program 2/Design" start="@1380759000301" delta="31" />
  <time id="11" path="/Non Project/PSP for Engineers/Program 2/Code" start="@1380780846251" delta="108" />
  <time id="12" path="/Non Project/PSP for Engineers/Program 2/Compile" start="@1380790081020" delta="2" />
  <time id="13" path="/Non Project/PSP for Engineers/Program 2/Test" start="@1380791222791" delta="5" interrupt="3" />
  <time id="14" path="/Non Project/PSP for Engineers/Program 2/Test" start="@1380812070014" delta="3" />
  <time id="15" path="/Non Project/PSP for Engineers/Program 2/Postmortem" start="@1380812449760" delta="9" />
</timeLogEntries>
