<?xml version='1.0' encoding='UTF-8' ?>
<timeLogEntries>
  <time id="27" path="/Non Project/PSP for Engineers/Program 3/Code" start="@1382148139804" delta="13" flag="A" />
  <time id="28" path="/Non Project/PSP for Engineers/Program 3/Compile" start="@1382149494211" delta="9" flag="A" />
  <time id="29" path="/Non Project/PSP for Engineers/Program 3/Test" start="@1382150281023" delta="2" flag="A" />
  <time id="30" path="/Non Project/PSP for Engineers/Program 3/Test" start="@1382151892603" delta="8" flag="A" />
  <time id="31" path="/Non Project/PSP for Engineers/Program 3/Test" start="@1382152989310" delta="11" interrupt="3" comment="Se estaban verificando si los resultados eran los correctos y se corrigio en los errores" flag="A" />
  <time id="32" path="/Non Project/PSP for Engineers/Program 3/Test" start="@1382156983987" delta="2" flag="A" />
  <time id="33" path="/Non Project/PSP for Engineers/Program 3/Postmortem" start="@1382157089920" delta="12" flag="A" />
  <time id="34" path="/Non Project/PSP for Engineers/Program 3/Postmortem" start="@1382158426953" delta="24" comment="Revision de documentos y conteo de lineas de codigo" flag="A" />
  <time id="12" delta="10" comment="si este si es el tiempo en que me tarde(9,8 min) en corregir solo ese error y ya corregido la compilación fue solo de 2 min o no se si la aplicación lo pause o lo cuente por separado, si no en ese caso es la suma de los dos tiempos.  sume los tiempos de forma manual y se quedo en 12" flag="M" />
</timeLogEntries>
