<?xml version='1.0' encoding='UTF-8' ?>
<timeLogEntries>
  <time id="1" path="/Non Project/PSP for Engineers/Program 1/Planning" start="@1377736875000" delta="25" />
  <time id="2" path="/Non Project/PSP for Engineers/Program 1/Design" start="@1377824415673" delta="14" />
  <time id="3" path="/Non Project/PSP for Engineers/Program 1/Code" start="@1377825344000" delta="74" interrupt="5" />
  <time id="5" path="/Non Project/PSP for Engineers/Program 1/Compile" start="@1377830427000" delta="24" interrupt="11" />
  <time id="6" path="/Non Project/PSP for Engineers/Program 1/Test" start="@1377832828000" delta="8" />
  <time id="7" path="/Non Project/PSP for Engineers/Program 1/Postmortem" start="@1377992256000" delta="44" interrupt="20" />
  <time id="8" path="/Non Project/PSP for Engineers/Program 1/Postmortem" start="@1378956741667" delta="3" />
  <time id="9" path="/Non Project/PSP for Engineers/Program 2/Planning" start="@1380757742175" delta="17" />
  <time id="10" path="/Non Project/PSP for Engineers/Program 2/Design" start="@1380759000301" delta="31" />
  <time id="11" path="/Non Project/PSP for Engineers/Program 2/Code" start="@1380780846251" delta="108" />
  <time id="12" path="/Non Project/PSP for Engineers/Program 2/Compile" start="@1380790081020" delta="12" comment="si este si es el tiempo en que me tarde(9,8 min) en corregir solo ese error y ya corregido la compilación fue solo de 2 min o no se si la aplicación lo pause o lo cuente por separado, si no en ese caso es la suma de los dos tiempos.  sume los tiempos de forma manual y se quedo en 12" />
  <time id="13" path="/Non Project/PSP for Engineers/Program 2/Test" start="@1380791222791" delta="5" interrupt="3" />
  <time id="14" path="/Non Project/PSP for Engineers/Program 2/Test" start="@1380812070014" delta="3" />
  <time id="15" path="/Non Project/PSP for Engineers/Program 2/Postmortem" start="@1380812449760" delta="9" />
  <time id="16" path="/Non Project/PSP for Engineers/Program 2/Postmortem" start="@1381811154967" delta="6" />
  <time id="17" path="/Non Project/PSP for Engineers/Program 2/Postmortem" start="@1381812153213" delta="6" />
  <time id="18" path="/Non Project/PSP for Engineers/Program 3/Planning" start="@1381884628109" delta="38" />
  <time id="19" path="/Non Project/PSP for Engineers/Program 3/Planning" start="@1381887529574" delta="3" />
  <time id="20" path="/Non Project/PSP for Engineers/Program 3/Design" start="@1381978336295" delta="19" />
  <time id="21" path="/Non Project/PSP for Engineers/Program 3/Design" start="@1381981120108" delta="9" />
  <time id="22" path="/Non Project/PSP for Engineers/Program 3/Design" start="@1382069517320" delta="7" />
  <time id="23" path="/Non Project/PSP for Engineers/Program 3/Code" start="@1382069964167" delta="3" />
  <time id="24" path="/Non Project/PSP for Engineers/Program 3/Code" start="@1382070661510" delta="20" interrupt="5" />
  <time id="25" path="/Non Project/PSP for Engineers/Program 3/Code" start="@1382072348590" delta="11" />
  <time id="26" path="/Non Project/PSP for Engineers/Program 3/Code" start="@1382073342139" delta="29" />
  <time id="27" path="/Non Project/PSP for Engineers/Program 3/Code" start="@1382148139804" delta="13" />
  <time id="28" path="/Non Project/PSP for Engineers/Program 3/Compile" start="@1382149494211" delta="9" />
  <time id="29" path="/Non Project/PSP for Engineers/Program 3/Test" start="@1382150281023" delta="2" />
  <time id="30" path="/Non Project/PSP for Engineers/Program 3/Test" start="@1382151892603" delta="8" />
  <time id="31" path="/Non Project/PSP for Engineers/Program 3/Test" start="@1382152989310" delta="11" interrupt="3" comment="Se estaban verificando si los resultados eran los correctos y se corrigio en los errores" />
  <time id="32" path="/Non Project/PSP for Engineers/Program 3/Test" start="@1382156983987" delta="2" />
  <time id="33" path="/Non Project/PSP for Engineers/Program 3/Postmortem" start="@1382157089920" delta="12" />
  <time id="34" path="/Non Project/PSP for Engineers/Program 3/Postmortem" start="@1382158426953" delta="24" comment="Revision de documentos y conteo de lineas de codigo" />
  <time id="35" path="/Non Project/PSP for Engineers/Program 4/Planning" start="@1383093674310" delta="5" comment="Tiempo en clase trabajado en clase, practicamente fue solo una lectura de los datos." />
  <time id="36" path="/Non Project/PSP for Engineers/Program 3/Postmortem" start="@1383187887851" delta="3" comment="Tiempo de llenado de el pip devuelto" />
  <time id="37" path="/Non Project/PSP for Engineers/Program 3/Postmortem" start="@1383358158599" delta="4" comment="tiempo de la corrección de las pruebas" />
  <time id="38" path="/Non Project/PSP for Engineers/Program 4/Planning" start="@1383360283825" delta="7" />
  <time id="39" path="/Non Project/PSP for Engineers/Program 4/Planning" start="@1383362616204" delta="9" comment="La planeacón de este programa fue mucho más veloz debido a la experiencia de la anterior y haber utilizado tamaños similares a los anteriores al momento de la planeación" />
  <time id="40" path="/Non Project/PSP for Engineers/Program 4/Design" start="@1383363994255" delta="30" comment="Se Trato de dedicar un poco más de tiempo y empeño al diseño para tener menor numero de errores así como el tener un diseño condeptual más preciso facilito la tarea del diseño" />
  <time id="41" path="/Non Project/PSP for Engineers/Program 4/Code" start="@1383368101688" delta="49" interrupt="4" comment="la codificacion fue algo fluida por el querer terminar el programa lo más pronto posible así como con la ayuda de tener mi diseño casi como seudocodigo, a parte de que poco a poco me acostumbro más al lenguaje y esto facilita el trabajo a la hora de codificar" />
  <time id="42" path="/Non Project/PSP for Engineers/Program 4/Compile" start="@1383371311323" delta="5" comment="La compilación fue relativamente rapida comparada con lo que siempre hago, debido a que los errores que encontre fueron faciles de solucionar y menos de lo normal." />
  <time id="43" path="/Non Project/PSP for Engineers/Program 4/Test" start="@1383371666000" delta="14" comment="Facilita el testeo saber que datos vas a ingresar llenando el test report correctamente, solo mi error de tener los datos al reves me hizo tener error a la hora de las pruebas más que algun error de codificacíon o diseño" />
  <time id="44" path="/Non Project/PSP for Engineers/Program 4/Postmortem" start="@1383372521101" delta="36" interrupt="6" />
</timeLogEntries>
