<?xml version='1.0' encoding='UTF-8' ?>
<timeLogEntries>
  <time id="1" path="/Non Project/PSP for Engineers/Program 1/Planning" start="@1377736875000" delta="25" />
  <time id="2" path="/Non Project/PSP for Engineers/Program 1/Design" start="@1377824415673" delta="14" />
  <time id="3" path="/Non Project/PSP for Engineers/Program 1/Code" start="@1377825344000" delta="74" interrupt="5" />
  <time id="5" path="/Non Project/PSP for Engineers/Program 1/Compile" start="@1377830427000" delta="24" interrupt="11" />
  <time id="6" path="/Non Project/PSP for Engineers/Program 1/Test" start="@1377832828000" delta="8" />
  <time id="7" path="/Non Project/PSP for Engineers/Program 1/Postmortem" start="@1377992256000" delta="44" interrupt="20" />
  <time id="8" path="/Non Project/PSP for Engineers/Program 1/Postmortem" start="@1378956741667" delta="3" />
  <time id="9" path="/Non Project/PSP for Engineers/Program 2/Planning" start="@1380757742175" delta="17" />
  <time id="10" path="/Non Project/PSP for Engineers/Program 2/Design" start="@1380759000301" delta="31" />
  <time id="11" path="/Non Project/PSP for Engineers/Program 2/Code" start="@1380780846251" delta="108" />
  <time id="12" path="/Non Project/PSP for Engineers/Program 2/Compile" start="@1380790081020" delta="12" comment="si este si es el tiempo en que me tarde(9,8 min) en corregir solo ese error y ya corregido la compilación fue solo de 2 min o no se si la aplicación lo pause o lo cuente por separado, si no en ese caso es la suma de los dos tiempos.  sume los tiempos de forma manual y se quedo en 12" />
  <time id="13" path="/Non Project/PSP for Engineers/Program 2/Test" start="@1380791222791" delta="5" interrupt="3" />
  <time id="14" path="/Non Project/PSP for Engineers/Program 2/Test" start="@1380812070014" delta="3" />
  <time id="15" path="/Non Project/PSP for Engineers/Program 2/Postmortem" start="@1380812449760" delta="9" />
  <time id="16" path="/Non Project/PSP for Engineers/Program 2/Postmortem" start="@1381811154967" delta="6" />
  <time id="17" path="/Non Project/PSP for Engineers/Program 2/Postmortem" start="@1381812153213" delta="6" />
  <time id="18" path="/Non Project/PSP for Engineers/Program 3/Planning" start="@1381884628109" delta="38" />
  <time id="19" path="/Non Project/PSP for Engineers/Program 3/Planning" start="@1381887529574" delta="3" />
  <time id="20" path="/Non Project/PSP for Engineers/Program 3/Design" start="@1381978336295" delta="19" />
  <time id="21" path="/Non Project/PSP for Engineers/Program 3/Design" start="@1381981120108" delta="9" />
  <time id="22" path="/Non Project/PSP for Engineers/Program 3/Design" start="@1382069517320" delta="7" />
  <time id="23" path="/Non Project/PSP for Engineers/Program 3/Code" start="@1382069964167" delta="3" />
  <time id="24" path="/Non Project/PSP for Engineers/Program 3/Code" start="@1382070661510" delta="20" interrupt="5" />
  <time id="25" path="/Non Project/PSP for Engineers/Program 3/Code" start="@1382072348590" delta="11" />
  <time id="26" path="/Non Project/PSP for Engineers/Program 3/Code" start="@1382073342139" delta="29" />
  <time id="27" path="/Non Project/PSP for Engineers/Program 3/Code" start="@1382148139804" delta="13" />
  <time id="28" path="/Non Project/PSP for Engineers/Program 3/Compile" start="@1382149494211" delta="9" />
  <time id="29" path="/Non Project/PSP for Engineers/Program 3/Test" start="@1382150281023" delta="2" />
  <time id="30" path="/Non Project/PSP for Engineers/Program 3/Test" start="@1382151892603" delta="8" />
  <time id="31" path="/Non Project/PSP for Engineers/Program 3/Test" start="@1382152989310" delta="11" interrupt="3" comment="Se estaban verificando si los resultados eran los correctos y se corrigio en los errores" />
  <time id="32" path="/Non Project/PSP for Engineers/Program 3/Test" start="@1382156983987" delta="2" />
  <time id="33" path="/Non Project/PSP for Engineers/Program 3/Postmortem" start="@1382157089920" delta="12" />
  <time id="34" path="/Non Project/PSP for Engineers/Program 3/Postmortem" start="@1382158426953" delta="24" comment="Revision de documentos y conteo de lineas de codigo" />
  <time id="35" path="/Non Project/PSP for Engineers/Program 4/Planning" start="@1383093674310" delta="5" />
  <time id="36" path="/Non Project/PSP for Engineers/Program 3/Postmortem" start="@1383187887851" delta="3" />
</timeLogEntries>
